Disease,Symptom_1,Symptom_2,Symptom_3,Symptom_4,Symptom_5,Symptom_6,Symptom_7,Symptom_8,Symptom_9,Symptom_10,Symptom_11,Symptom_12,Symptom_13,Symptom_14,Symptom_15,Symptom_16,Symptom_17
Hyperthyroïdie,perte poids,insomnie,palpitations,tremblements,nervosité,,,,,,,,,,,,
Choc anaphylactique,nausées,gonflements,étourdissements,éruptions cutanées,palpitations,difficultés respiratoires,,,,,,,,,,,
Endométriose,douleurs pelviennes,fatigue,douleurs rapports,règles douloureuses,,,,,,,,,,,,,
Hypertension,étourdissements,maux de tête,douleurs thoraciques,troubles visuels,fatigue,,,,,,,,,,,,
Syndrome intestin irritable,douleurs abdominales,diarrhée,ballonnements,constipation,fatigue,,,,,,,,,,,,
Appendicite,douleurs abdominales,perte appétit,constipation,fièvre,vomissements,nausées,,,,,,,,,,,
Infection urinaire,brûlures mictionnelles,urination fréquente,fatigue,fièvre,douleurs pelviennes,,,,,,,,,,,,
Arythmie,étourdissements,essoufflement,fatigue,palpitations,,,,,,,,,,,,,
Hypertension,maux de tête,fatigue,douleurs thoraciques,étourdissements,essoufflement,,,,,,,,,,,,
Hypertension,maux de tête,étourdissements,essoufflement,troubles visuels,,,,,,,,,,,,,
Sinusite,écoulement nasal,perte odorat,maux de tête,congestion nasale,,,,,,,,,,,,,
Appendicite,constipation,fièvre,douleurs abdominales,vomissements,nausées,perte appétit,,,,,,,,,,,
Asthme,essoufflement,toux sèche,oppression thoracique,respiration sifflante,,,,,,,,,,,,,
Fibromyalgie,maux de tête,douleurs musculaires,troubles sommeil,,,,,,,,,,,,,,
Otite,irritabilité,douleurs oreille,maux de tête,,,,,,,,,,,,,,
Infection urinaire,brûlures mictionnelles,douleurs pelviennes,urination fréquente,,,,,,,,,,,,,,
Hypertension,essoufflement,fatigue,maux de tête,douleurs thoraciques,étourdissements,,,,,,,,,,,,
Bronchite,essoufflement,mal de gorge,toux productive,fatigue,,,,,,,,,,,,,
Infection urinaire,fatigue,douleurs pelviennes,urine trouble,urination fréquente,,,,,,,,,,,,,
Appendicite,vomissements,perte appétit,fièvre,nausées,,,,,,,,,,,,,
Lombalgie,raideur,douleurs irradiantes,limitation mouvements,spasmes musculaires,douleurs lombaires,,,,,,,,,,,,
Urticaire,rougeurs cutanées,éruptions cutanées,gonflements,,,,,,,,,,,,,,
Psoriasis,plaques rouges,démangeaisons,peau sèche,,,,,,,,,,,,,,
Migraine,vomissements,sensibilité lumière,maux de tête,nausées,,,,,,,,,,,,,
Eczéma,peau sèche,rougeurs cutanées,éruptions cutanées,démangeaisons,irritation,,,,,,,,,,,,
COVID-19,fièvre,mal de gorge,douleurs musculaires,maux de tête,fatigue,perte goût odorat,,,,,,,,,,,
Arthrite,douleurs articulaires,raideur matinale,perte mobilité,fatigue,gonflements articulaires,,,,,,,,,,,,
Lombalgie,spasmes musculaires,limitation mouvements,raideur,douleurs irradiantes,,,,,,,,,,,,,
Asthme,fatigue,essoufflement,respiration sifflante,oppression thoracique,,,,,,,,,,,,,
Infection urinaire,urination fréquente,fatigue,brûlures mictionnelles,,,,,,,,,,,,,,
Diabète type 2,urination fréquente,fatigue,perte poids,vision floue,,,,,,,,,,,,,
Céphalées tension,maux de tête,fatigue,difficultés concentration,tension musculaire,,,,,,,,,,,,,
Gastro-entérite,fatigue,déshydratation,douleurs abdominales,diarrhée,,,,,,,,,,,,,
Gastro-entérite,diarrhée,fièvre,douleurs abdominales,déshydratation,vomissements,,,,,,,,,,,,
Appendicite,vomissements,perte appétit,fièvre,constipation,nausées,douleurs abdominales,,,,,,,,,,,
Grippe,douleurs musculaires,maux de tête,frissons,toux sèche,fièvre,,,,,,,,,,,,
Angine poitrine,sueurs,essoufflement,nausées,douleurs thoraciques,palpitations,fatigue,,,,,,,,,,,
Ulcère gastrique,nausées,brûlures estomac,fatigue,,,,,,,,,,,,,,
Calculs rénaux,sang urine,urination fréquente,douleurs lombaires,vomissements,nausées,,,,,,,,,,,,
Hypothyroïdie,constipation,fatigue,chute cheveux,frilosité,prise poids,peau sèche,,,,,,,,,,,
Hyperthyroïdie,tremblements,nervosité,insomnie,,,,,,,,,,,,,,
Choc anaphylactique,étourdissements,gonflements,éruptions cutanées,palpitations,nausées,,,,,,,,,,,,
Fibromyalgie,troubles concentration,douleurs musculaires,troubles sommeil,,,,,,,,,,,,,,
Fibromyalgie,douleurs musculaires,maux de tête,raideur matinale,troubles concentration,,,,,,,,,,,,,
Sinusite,écoulement nasal,fatigue,perte odorat,,,,,,,,,,,,,,
Arthrite,perte mobilité,gonflements articulaires,raideur matinale,fatigue,,,,,,,,,,,,,
Reflux gastrique,difficultés déglutition,régurgitations,toux sèche,,,,,,,,,,,,,,
Appendicite,perte appétit,fièvre,vomissements,douleurs abdominales,,,,,,,,,,,,,
Pneumonie,toux productive,essoufflement,sueurs nocturnes,frissons,fièvre,douleurs thoraciques,,,,,,,,,,,
Hypothyroïdie,peau sèche,frilosité,chute cheveux,fatigue,,,,,,,,,,,,,
Anxiété généralisée,nervosité,irritabilité,troubles sommeil,fatigue,,,,,,,,,,,,,
Allergie alimentaire,vomissements,gonflements,nausées,diarrhée,,,,,,,,,,,,,
Urticaire,éruptions cutanées,gonflements,rougeurs cutanées,,,,,,,,,,,,,,
Pneumonie,toux productive,sueurs nocturnes,frissons,fatigue,essoufflement,fièvre,,,,,,,,,,,
COVID-19,perte goût odorat,mal de gorge,toux sèche,essoufflement,douleurs musculaires,fièvre,,,,,,,,,,,
Hypothyroïdie,frilosité,chute cheveux,fatigue,constipation,,,,,,,,,,,,,
Angine poitrine,sueurs,douleurs thoraciques,nausées,palpitations,essoufflement,,,,,,,,,,,,
Hypothyroïdie,fatigue,constipation,frilosité,peau sèche,chute cheveux,prise poids,,,,,,,,,,,
Pneumonie,douleurs thoraciques,essoufflement,toux productive,frissons,sueurs nocturnes,fatigue,,,,,,,,,,,
Reflux gastrique,douleurs thoraciques,difficultés déglutition,régurgitations,toux sèche,,,,,,,,,,,,,
Appendicite,perte appétit,douleurs abdominales,fièvre,,,,,,,,,,,,,,
Reflux gastrique,toux sèche,régurgitations,difficultés déglutition,brûlures estomac,douleurs thoraciques,,,,,,,,,,,,
Ulcère gastrique,perte appétit,douleurs abdominales,brûlures estomac,nausées,,,,,,,,,,,,,
Urticaire,gonflements,rougeurs cutanées,éruptions cutanées,démangeaisons,,,,,,,,,,,,,
Grippe,mal de gorge,maux de tête,douleurs musculaires,fatigue,toux sèche,,,,,,,,,,,,
Syndrome prémenstruel,maux de tête,irritabilité,sensibilité seins,,,,,,,,,,,,,,
Angine,difficultés déglutition,fièvre,ganglions gonflés,maux de tête,,,,,,,,,,,,,
Lombalgie,douleurs irradiantes,raideur,douleurs lombaires,,,,,,,,,,,,,,
Arthrite,fatigue,perte mobilité,douleurs articulaires,raideur matinale,,,,,,,,,,,,,
Ulcère gastrique,perte poids,perte appétit,fatigue,brûlures estomac,douleurs abdominales,nausées,,,,,,,,,,,
Gastro-entérite,fièvre,diarrhée,déshydratation,vomissements,fatigue,douleurs abdominales,nausées,,,,,,,,,,
Infection urinaire,urination fréquente,fièvre,brûlures mictionnelles,urine trouble,,,,,,,,,,,,,
Allergie alimentaire,nausées,éruptions cutanées,vomissements,diarrhée,gonflements,douleurs abdominales,,,,,,,,,,,
Mycose cutanée,rougeurs cutanées,démangeaisons,odeur,sensation brûlure,,,,,,,,,,,,,
Endométriose,règles douloureuses,fatigue,douleurs rapports,nausées,douleurs pelviennes,,,,,,,,,,,,
Lombalgie,spasmes musculaires,douleurs lombaires,douleurs irradiantes,raideur,,,,,,,,,,,,,
Syndrome intestin irritable,fatigue,gaz intestinaux,douleurs abdominales,,,,,,,,,,,,,,
Dépression,tristesse,difficultés concentration,perte intérêt,troubles sommeil,perte appétit,,,,,,,,,,,,
Appendicite,perte appétit,douleurs abdominales,constipation,,,,,,,,,,,,,,
Gastro-entérite,déshydratation,fatigue,nausées,vomissements,douleurs abdominales,diarrhée,fièvre,,,,,,,,,,
Ulcère gastrique,douleurs abdominales,nausées,perte appétit,fatigue,perte poids,brûlures estomac,,,,,,,,,,,
Gastro-entérite,vomissements,fatigue,nausées,douleurs abdominales,fièvre,déshydratation,,,,,,,,,,,
Asthme,essoufflement,toux sèche,oppression thoracique,,,,,,,,,,,,,,
Bronchite,congestion nasale,douleurs thoraciques,fatigue,toux productive,essoufflement,,,,,,,,,,,,
Angine poitrine,essoufflement,nausées,douleurs thoraciques,,,,,,,,,,,,,,
Appendicite,fièvre,perte appétit,douleurs abdominales,nausées,constipation,vomissements,,,,,,,,,,,
Ulcère gastrique,brûlures estomac,douleurs abdominales,perte poids,perte appétit,nausées,fatigue,,,,,,,,,,,
Calculs rénaux,douleurs lombaires,sang urine,urination fréquente,nausées,vomissements,,,,,,,,,,,,
Asthme,respiration sifflante,fatigue,toux sèche,oppression thoracique,,,,,,,,,,,,,
Endométriose,nausées,ballonnements,douleurs rapports,,,,,,,,,,,,,,
Vertiges,nausées,fatigue,troubles visuels,maux de tête,perte équilibre,étourdissements,,,,,,,,,,,
Reflux gastrique,difficultés déglutition,régurgitations,toux sèche,douleurs thoraciques,,,,,,,,,,,,,
Angine,difficultés déglutition,maux de tête,ganglions gonflés,fièvre,,,,,,,,,,,,,
Syndrome prémenstruel,ballonnements,fatigue,maux de tête,,,,,,,,,,,,,,
COVID-19,maux de tête,essoufflement,fatigue,fièvre,,,,,,,,,,,,,
Infection urinaire,fièvre,douleurs pelviennes,urine trouble,,,,,,,,,,,,,,
Calculs rénaux,douleurs abdominales,nausées,sang urine,vomissements,urination fréquente,,,,,,,,,,,,
Reflux gastrique,douleurs thoraciques,régurgitations,toux sèche,difficultés déglutition,,,,,,,,,,,,,
Migraine,nausées,maux de tête,sensibilité bruit,,,,,,,,,,,,,,
Migraine,vomissements,sensibilité bruit,nausées,maux de tête,sensibilité lumière,,,,,,,,,,,,
Syndrome intestin irritable,ballonnements,douleurs abdominales,fatigue,,,,,,,,,,,,,,
Reflux gastrique,douleurs thoraciques,toux sèche,difficultés déglutition,brûlures estomac,,,,,,,,,,,,,
Calculs rénaux,sang urine,nausées,douleurs lombaires,douleurs abdominales,urination fréquente,vomissements,,,,,,,,,,,
Vertiges,maux de tête,troubles visuels,fatigue,,,,,,,,,,,,,,
Hypertension,fatigue,maux de tête,étourdissements,,,,,,,,,,,,,,
Bronchite,mal de gorge,congestion nasale,toux productive,douleurs thoraciques,fatigue,,,,,,,,,,,,
Sinusite,fatigue,maux de tête,congestion nasale,perte odorat,,,,,,,,,,,,,
Ulcère gastrique,perte appétit,douleurs abdominales,perte poids,brûlures estomac,nausées,,,,,,,,,,,,
Otite,irritabilité,fièvre,perte audition,,,,,,,,,,,,,,
Calculs rénaux,sang urine,vomissements,douleurs lombaires,urination fréquente,nausées,,,,,,,,,,,,
Psoriasis,desquamation,peau sèche,démangeaisons,plaques rouges,,,,,,,,,,,,,
Appendicite,constipation,vomissements,fièvre,,,,,,,,,,,,,,
Dépression,perte intérêt,tristesse,perte appétit,,,,,,,,,,,,,,
Pneumonie,essoufflement,frissons,fatigue,fièvre,douleurs thoraciques,sueurs nocturnes,toux productive,,,,,,,,,,
Trouble panique,étourdissements,tremblements,essoufflement,peur intense,transpiration,,,,,,,,,,,,
Reflux gastrique,douleurs thoraciques,toux sèche,régurgitations,difficultés déglutition,,,,,,,,,,,,,
Otite,irritabilité,douleurs oreille,fièvre,,,,,,,,,,,,,,
Mycose cutanée,rougeurs cutanées,sensation brûlure,démangeaisons,,,,,,,,,,,,,,
Lombalgie,douleurs irradiantes,limitation mouvements,spasmes musculaires,douleurs lombaires,raideur,,,,,,,,,,,,
Vertiges,étourdissements,fatigue,perte équilibre,troubles visuels,nausées,maux de tête,,,,,,,,,,,
Reflux gastrique,régurgitations,douleurs thoraciques,brûlures estomac,toux sèche,,,,,,,,,,,,,
Pneumonie,douleurs thoraciques,toux productive,frissons,fatigue,essoufflement,,,,,,,,,,,,
Urticaire,gonflements,éruptions cutanées,sensation brûlure,rougeurs cutanées,,,,,,,,,,,,,
Pneumonie,sueurs nocturnes,douleurs thoraciques,essoufflement,fièvre,,,,,,,,,,,,,
Mycose cutanée,démangeaisons,odeur,rougeurs cutanées,,,,,,,,,,,,,,
Dépression,fatigue,tristesse,perte appétit,troubles sommeil,perte intérêt,,,,,,,,,,,,
Grippe,fatigue,toux sèche,douleurs musculaires,mal de gorge,congestion nasale,frissons,,,,,,,,,,,
Fibromyalgie,douleurs musculaires,maux de tête,raideur matinale,,,,,,,,,,,,,,
Allergie alimentaire,vomissements,douleurs abdominales,éruptions cutanées,,,,,,,,,,,,,,
Reflux gastrique,toux sèche,difficultés déglutition,douleurs thoraciques,brûlures estomac,,,,,,,,,,,,,
Dépression,tristesse,perte appétit,troubles sommeil,fatigue,perte intérêt,,,,,,,,,,,,
Arythmie,douleurs thoraciques,fatigue,étourdissements,évanouissements,palpitations,essoufflement,,,,,,,,,,,
Migraine,troubles visuels,sensibilité bruit,vomissements,maux de tête,,,,,,,,,,,,,
Psoriasis,démangeaisons,desquamation,douleurs articulaires,plaques rouges,,,,,,,,,,,,,
Anxiété généralisée,troubles sommeil,irritabilité,fatigue,tension musculaire,,,,,,,,,,,,,
Choc anaphylactique,éruptions cutanées,gonflements,nausées,,,,,,,,,,,,,,
Pneumonie,sueurs nocturnes,frissons,fatigue,fièvre,,,,,,,,,,,,,
Grippe,fatigue,congestion nasale,fièvre,maux de tête,,,,,,,,,,,,,
Hyperthyroïdie,nervosité,palpitations,perte poids,,,,,,,,,,,,,,
Arthrite,gonflements articulaires,perte mobilité,raideur matinale,,,,,,,,,,,,,,
Angine poitrine,palpitations,douleurs thoraciques,fatigue,nausées,sueurs,essoufflement,,,,,,,,,,,
Rhinite allergique,démangeaisons nasales,larmoiements,fatigue,écoulement nasal,congestion nasale,éternuements,,,,,,,,,,,
COVID-19,maux de tête,toux sèche,fatigue,,,,,,,,,,,,,,
Vertiges,maux de tête,perte équilibre,étourdissements,,,,,,,,,,,,,,
Anxiété généralisée,irritabilité,nervosité,fatigue,inquiétudes excessives,troubles sommeil,,,,,,,,,,,,
Hypothyroïdie,frilosité,chute cheveux,constipation,fatigue,peau sèche,prise poids,,,,,,,,,,,
Arthrite,douleurs articulaires,raideur matinale,fatigue,perte mobilité,gonflements articulaires,,,,,,,,,,,,
Hypertension,étourdissements,fatigue,douleurs thoraciques,maux de tête,troubles visuels,,,,,,,,,,,,
Rhinite allergique,larmoiements,éternuements,démangeaisons nasales,,,,,,,,,,,,,,
Hypertension,troubles visuels,maux de tête,essoufflement,,,,,,,,,,,,,,
Grippe,mal de gorge,maux de tête,frissons,fatigue,toux sèche,fièvre,,,,,,,,,,,
Calculs rénaux,douleurs abdominales,urination fréquente,sang urine,,,,,,,,,,,,,,
Lombalgie,spasmes musculaires,limitation mouvements,raideur,,,,,,,,,,,,,,
Diabète type 2,perte poids,fatigue,cicatrisation lente,urination fréquente,soif excessive,,,,,,,,,,,,
Choc anaphylactique,difficultés respiratoires,nausées,gonflements,palpitations,étourdissements,,,,,,,,,,,,
Otite,fièvre,maux de tête,écoulement oreille,,,,,,,,,,,,,,
Syndrome intestin irritable,ballonnements,constipation,diarrhée,douleurs abdominales,fatigue,,,,,,,,,,,,
Otite,écoulement oreille,fièvre,maux de tête,perte audition,,,,,,,,,,,,,
Pneumonie,fièvre,essoufflement,fatigue,frissons,sueurs nocturnes,douleurs thoraciques,,,,,,,,,,,
Reflux gastrique,toux sèche,difficultés déglutition,douleurs thoraciques,brûlures estomac,,,,,,,,,,,,,
Céphalées tension,maux de tête,fatigue,difficultés concentration,,,,,,,,,,,,,,
Lombalgie,limitation mouvements,douleurs lombaires,douleurs irradiantes,raideur,,,,,,,,,,,,,
Sinusite,congestion nasale,fatigue,douleurs faciales,,,,,,,,,,,,,,
Appendicite,constipation,douleurs abdominales,fièvre,perte appétit,,,,,,,,,,,,,
Endométriose,nausées,ballonnements,règles douloureuses,fatigue,,,,,,,,,,,,,
Psoriasis,plaques rouges,douleurs articulaires,peau sèche,desquamation,démangeaisons,,,,,,,,,,,,
Hyperthyroïdie,perte poids,nervosité,palpitations,insomnie,,,,,,,,,,,,,
Arthrite,raideur matinale,douleurs articulaires,perte mobilité,,,,,,,,,,,,,,
Céphalées tension,irritabilité,difficultés concentration,fatigue,,,,,,,,,,,,,,
Pneumonie,fatigue,toux productive,fièvre,frissons,sueurs nocturnes,essoufflement,douleurs thoraciques,,,,,,,,,,
COVID-19,fatigue,maux de tête,essoufflement,douleurs musculaires,mal de gorge,fièvre,perte goût odorat,,,,,,,,,,
Calculs rénaux,vomissements,sang urine,douleurs lombaires,urination fréquente,douleurs abdominales,,,,,,,,,,,,
Choc anaphylactique,palpitations,difficultés respiratoires,gonflements,étourdissements,nausées,,,,,,,,,,,,
Appendicite,constipation,douleurs abdominales,perte appétit,fièvre,,,,,,,,,,,,,
Céphalées tension,difficultés concentration,irritabilité,tension musculaire,maux de tête,fatigue,,,,,,,,,,,,
Pneumonie,fièvre,fatigue,frissons,sueurs nocturnes,douleurs thoraciques,essoufflement,toux productive,,,,,,,,,,
Asthme,oppression thoracique,essoufflement,respiration sifflante,toux sèche,fatigue,,,,,,,,,,,,
Lombalgie,limitation mouvements,raideur,douleurs lombaires,spasmes musculaires,douleurs irradiantes,,,,,,,,,,,,
Reflux gastrique,brûlures estomac,régurgitations,douleurs thoraciques,difficultés déglutition,,,,,,,,,,,,,
Céphalées tension,difficultés concentration,tension musculaire,fatigue,irritabilité,,,,,,,,,,,,,
Dépression,difficultés concentration,tristesse,perte appétit,,,,,,,,,,,,,,
Dépression,fatigue,tristesse,perte appétit,difficultés concentration,troubles sommeil,perte intérêt,,,,,,,,,,,
COVID-19,fatigue,perte goût odorat,fièvre,maux de tête,mal de gorge,douleurs musculaires,,,,,,,,,,,
Arythmie,fatigue,évanouissements,douleurs thoraciques,essoufflement,étourdissements,,,,,,,,,,,,
Trouble panique,palpitations,essoufflement,tremblements,transpiration,étourdissements,peur intense,,,,,,,,,,,
Eczéma,peau sèche,irritation,éruptions cutanées,,,,,,,,,,,,,,
Mycose cutanée,rougeurs cutanées,odeur,desquamation,,,,,,,,,,,,,,
Infection urinaire,urination fréquente,brûlures mictionnelles,fièvre,,,,,,,,,,,,,,
Hypertension,essoufflement,maux de tête,douleurs thoraciques,étourdissements,,,,,,,,,,,,,
Anxiété généralisée,irritabilité,nervosité,tension musculaire,troubles sommeil,fatigue,,,,,,,,,,,,
Rhinite allergique,congestion nasale,démangeaisons nasales,éternuements,écoulement nasal,larmoiements,,,,,,,,,,,,
Mycose cutanée,odeur,desquamation,rougeurs cutanées,,,,,,,,,,,,,,
Infection urinaire,douleurs pelviennes,brûlures mictionnelles,fièvre,urine trouble,fatigue,urination fréquente,,,,,,,,,,,
COVID-19,fièvre,douleurs musculaires,toux sèche,fatigue,mal de gorge,maux de tête,essoufflement,perte goût odorat,,,,,,,,,
Bronchite,congestion nasale,toux productive,fatigue,essoufflement,mal de gorge,,,,,,,,,,,,
Rhinite allergique,écoulement nasal,larmoiements,fatigue,démangeaisons nasales,congestion nasale,éternuements,,,,,,,,,,,
Syndrome prémenstruel,ballonnements,maux de tête,sensibilité seins,fatigue,,,,,,,,,,,,,
Urticaire,éruptions cutanées,démangeaisons,gonflements,rougeurs cutanées,,,,,,,,,,,,,
Migraine,sensibilité lumière,troubles visuels,nausées,sensibilité bruit,maux de tête,vomissements,,,,,,,,,,,
Arythmie,évanouissements,étourdissements,douleurs thoraciques,essoufflement,,,,,,,,,,,,,
Ulcère gastrique,perte poids,brûlures estomac,nausées,perte appétit,douleurs abdominales,fatigue,,,,,,,,,,,
Syndrome prémenstruel,ballonnements,douleurs abdominales,fatigue,irritabilité,maux de tête,,,,,,,,,,,,
Allergie alimentaire,douleurs abdominales,gonflements,vomissements,,,,,,,,,,,,,,
Allergie alimentaire,douleurs abdominales,gonflements,vomissements,éruptions cutanées,,,,,,,,,,,,,
Grippe,frissons,douleurs musculaires,fièvre,,,,,,,,,,,,,,
Vertiges,fatigue,maux de tête,étourdissements,perte équilibre,nausées,troubles visuels,,,,,,,,,,,
Otite,fièvre,irritabilité,douleurs oreille,,,,,,,,,,,,,,
Diabète type 2,urination fréquente,fatigue,perte poids,soif excessive,vision floue,,,,,,,,,,,,
Syndrome intestin irritable,constipation,douleurs abdominales,diarrhée,gaz intestinaux,ballonnements,fatigue,,,,,,,,,,,
Choc anaphylactique,nausées,gonflements,difficultés respiratoires,palpitations,,,,,,,,,,,,,
Syndrome intestin irritable,douleurs abdominales,gaz intestinaux,ballonnements,,,,,,,,,,,,,,
Eczéma,desquamation,éruptions cutanées,irritation,,,,,,,,,,,,,,
Reflux gastrique,brûlures estomac,toux sèche,douleurs thoraciques,,,,,,,,,,,,,,
Gastro-entérite,nausées,diarrhée,vomissements,douleurs abdominales,,,,,,,,,,,,,
Trouble panique,tremblements,transpiration,peur intense,palpitations,essoufflement,étourdissements,,,,,,,,,,,
Hypothyroïdie,chute cheveux,peau sèche,fatigue,frilosité,constipation,prise poids,,,,,,,,,,,
Trouble panique,essoufflement,peur intense,transpiration,tremblements,étourdissements,palpitations,,,,,,,,,,,
Vertiges,troubles visuels,perte équilibre,nausées,,,,,,,,,,,,,,
Fibromyalgie,raideur matinale,troubles concentration,fatigue,troubles sommeil,maux de tête,,,,,,,,,,,,
Gastro-entérite,douleurs abdominales,fatigue,diarrhée,vomissements,fièvre,déshydratation,,,,,,,,,,,
Asthme,respiration sifflante,toux sèche,essoufflement,oppression thoracique,,,,,,,,,,,,,
Syndrome prémenstruel,fatigue,douleurs abdominales,ballonnements,irritabilité,maux de tête,sensibilité seins,,,,,,,,,,,
Eczéma,irritation,démangeaisons,éruptions cutanées,peau sèche,desquamation,rougeurs cutanées,,,,,,,,,,,
Eczéma,démangeaisons,rougeurs cutanées,irritation,desquamation,,,,,,,,,,,,,
Anxiété généralisée,fatigue,nervosité,tension musculaire,,,,,,,,,,,,,,
Céphalées tension,irritabilité,maux de tête,difficultés concentration,tension musculaire,fatigue,,,,,,,,,,,,
Hypothyroïdie,frilosité,prise poids,fatigue,,,,,,,,,,,,,,
Anxiété généralisée,troubles sommeil,fatigue,nervosité,irritabilité,inquiétudes excessives,,,,,,,,,,,,
Arthrite,raideur matinale,fatigue,perte mobilité,,,,,,,,,,,,,,
Bronchite,fatigue,essoufflement,mal de gorge,douleurs thoraciques,congestion nasale,toux productive,,,,,,,,,,,
COVID-19,perte goût odorat,douleurs musculaires,toux sèche,,,,,,,,,,,,,,
Hypertension,étourdissements,maux de tête,douleurs thoraciques,,,,,,,,,,,,,,
Trouble panique,peur intense,étourdissements,essoufflement,,,,,,,,,,,,,,
Otite,écoulement oreille,irritabilité,perte audition,fièvre,maux de tête,,,,,,,,,,,,
Eczéma,éruptions cutanées,rougeurs cutanées,desquamation,irritation,,,,,,,,,,,,,
Anxiété généralisée,inquiétudes excessives,troubles sommeil,fatigue,nervosité,tension musculaire,,,,,,,,,,,,
Asthme,oppression thoracique,fatigue,toux sèche,,,,,,,,,,,,,,
Calculs rénaux,sang urine,douleurs abdominales,urination fréquente,nausées,vomissements,,,,,,,,,,,,
Rhinite allergique,larmoiements,écoulement nasal,démangeaisons nasales,éternuements,,,,,,,,,,,,,
Ulcère gastrique,fatigue,brûlures estomac,nausées,,,,,,,,,,,,,,
Reflux gastrique,douleurs thoraciques,brûlures estomac,toux sèche,difficultés déglutition,,,,,,,,,,,,,
Calculs rénaux,douleurs lombaires,sang urine,douleurs abdominales,,,,,,,,,,,,,,
Mycose cutanée,odeur,démangeaisons,rougeurs cutanées,sensation brûlure,,,,,,,,,,,,,
Angine poitrine,nausées,douleurs thoraciques,sueurs,essoufflement,fatigue,,,,,,,,,,,,
Lombalgie,spasmes musculaires,douleurs lombaires,douleurs irradiantes,raideur,,,,,,,,,,,,,
Migraine,vomissements,sensibilité bruit,sensibilité lumière,,,,,,,,,,,,,,
Grippe,fièvre,toux sèche,frissons,mal de gorge,fatigue,douleurs musculaires,maux de tête,congestion nasale,,,,,,,,,
Arythmie,essoufflement,étourdissements,fatigue,palpitations,évanouissements,douleurs thoraciques,,,,,,,,,,,
Allergie alimentaire,gonflements,vomissements,éruptions cutanées,nausées,diarrhée,,,,,,,,,,,,
Pneumonie,fièvre,frissons,douleurs thoraciques,toux productive,sueurs nocturnes,,,,,,,,,,,,
Eczéma,irritation,desquamation,démangeaisons,éruptions cutanées,,,,,,,,,,,,,
Calculs rénaux,vomissements,sang urine,douleurs abdominales,,,,,,,,,,,,,,
Infection urinaire,urination fréquente,brûlures mictionnelles,fatigue,,,,,,,,,,,,,,
Fibromyalgie,fatigue,maux de tête,troubles sommeil,douleurs musculaires,raideur matinale,troubles concentration,,,,,,,,,,,
Allergie alimentaire,douleurs abdominales,vomissements,éruptions cutanées,diarrhée,,,,,,,,,,,,,
Psoriasis,desquamation,douleurs articulaires,démangeaisons,plaques rouges,,,,,,,,,,,,,
Mycose cutanée,odeur,desquamation,sensation brûlure,rougeurs cutanées,,,,,,,,,,,,,
Vertiges,perte équilibre,nausées,troubles visuels,étourdissements,,,,,,,,,,,,,
Angine poitrine,palpitations,sueurs,douleurs thoraciques,fatigue,nausées,essoufflement,,,,,,,,,,,
Otite,irritabilité,fièvre,écoulement oreille,douleurs oreille,perte audition,maux de tête,,,,,,,,,,,
Allergie alimentaire,vomissements,gonflements,douleurs abdominales,diarrhée,éruptions cutanées,,,,,,,,,,,,
Trouble panique,peur intense,étourdissements,palpitations,essoufflement,tremblements,,,,,,,,,,,,
Reflux gastrique,douleurs thoraciques,brûlures estomac,régurgitations,toux sèche,,,,,,,,,,,,,
Grippe,fièvre,fatigue,congestion nasale,toux sèche,douleurs musculaires,,,,,,,,,,,,
Diabète type 2,vision floue,cicatrisation lente,soif excessive,urination fréquente,,,,,,,,,,,,,
Rhinite allergique,larmoiements,démangeaisons nasales,fatigue,congestion nasale,éternuements,,,,,,,,,,,,
Mycose cutanée,démangeaisons,rougeurs cutanées,odeur,,,,,,,,,,,,,,
Angine,fièvre,ganglions gonflés,fatigue,maux de tête,,,,,,,,,,,,,
Reflux gastrique,toux sèche,douleurs thoraciques,régurgitations,difficultés déglutition,,,,,,,,,,,,,
Otite,fièvre,maux de tête,irritabilité,douleurs oreille,,,,,,,,,,,,,
Hyperthyroïdie,tremblements,transpiration excessive,insomnie,,,,,,,,,,,,,,
Appendicite,nausées,constipation,perte appétit,fièvre,vomissements,,,,,,,,,,,,
Appendicite,douleurs abdominales,fièvre,constipation,vomissements,nausées,,,,,,,,,,,,
Eczéma,éruptions cutanées,rougeurs cutanées,peau sèche,desquamation,irritation,,,,,,,,,,,,
Dépression,tristesse,perte intérêt,troubles sommeil,,,,,,,,,,,,,,
Angine,fatigue,fièvre,maux de tête,ganglions gonflés,,,,,,,,,,,,,
Bronchite,mal de gorge,douleurs thoraciques,fatigue,,,,,,,,,,,,,,
Hyperthyroïdie,palpitations,perte poids,nervosité,,,,,,,,,,,,,,
Bronchite,douleurs thoraciques,mal de gorge,toux productive,,,,,,,,,,,,,,
Ulcère gastrique,fatigue,douleurs abdominales,nausées,,,,,,,,,,,,,,
Rhinite allergique,larmoiements,fatigue,éternuements,démangeaisons nasales,écoulement nasal,congestion nasale,,,,,,,,,,,
Urticaire,démangeaisons,éruptions cutanées,rougeurs cutanées,gonflements,sensation brûlure,,,,,,,,,,,,
Dépression,troubles sommeil,difficultés concentration,perte intérêt,perte appétit,fatigue,tristesse,,,,,,,,,,,
Pneumonie,frissons,sueurs nocturnes,essoufflement,fièvre,douleurs thoraciques,toux productive,fatigue,,,,,,,,,,
Dépression,perte appétit,perte intérêt,tristesse,difficultés concentration,troubles sommeil,,,,,,,,,,,,
Vertiges,troubles visuels,maux de tête,fatigue,perte équilibre,étourdissements,nausées,,,,,,,,,,,
Migraine,maux de tête,sensibilité bruit,troubles visuels,sensibilité lumière,,,,,,,,,,,,,
Asthme,oppression thoracique,essoufflement,respiration sifflante,fatigue,toux sèche,,,,,,,,,,,,
Mycose cutanée,sensation brûlure,démangeaisons,desquamation,rougeurs cutanées,,,,,,,,,,,,,
Vertiges,étourdissements,troubles visuels,fatigue,perte équilibre,maux de tête,nausées,,,,,,,,,,,
Allergie alimentaire,vomissements,gonflements,douleurs abdominales,éruptions cutanées,diarrhée,nausées,,,,,,,,,,,
Allergie alimentaire,douleurs abdominales,éruptions cutanées,vomissements,gonflements,,,,,,,,,,,,,
Anxiété généralisée,nervosité,tension musculaire,irritabilité,inquiétudes excessives,,,,,,,,,,,,,
Angine poitrine,sueurs,essoufflement,nausées,fatigue,palpitations,douleurs thoraciques,,,,,,,,,,,
Psoriasis,desquamation,douleurs articulaires,démangeaisons,,,,,,,,,,,,,,
Choc anaphylactique,gonflements,nausées,palpitations,,,,,,,,,,,,,,
Trouble panique,peur intense,palpitations,essoufflement,,,,,,,,,,,,,,
Vertiges,maux de tête,étourdissements,fatigue,perte équilibre,troubles visuels,,,,,,,,,,,,
Rhinite allergique,fatigue,éternuements,larmoiements,,,,,,,,,,,,,,
Migraine,sensibilité lumière,sensibilité bruit,maux de tête,vomissements,nausées,,,,,,,,,,,,
Fibromyalgie,maux de tête,fatigue,troubles concentration,raideur matinale,douleurs musculaires,troubles sommeil,,,,,,,,,,,
Arythmie,palpitations,étourdissements,essoufflement,fatigue,douleurs thoraciques,,,,,,,,,,,,
Arythmie,fatigue,palpitations,essoufflement,étourdissements,,,,,,,,,,,,,
Syndrome prémenstruel,douleurs abdominales,ballonnements,irritabilité,,,,,,,,,,,,,,
Psoriasis,douleurs articulaires,plaques rouges,démangeaisons,peau sèche,,,,,,,,,,,,,
Angine,difficultés déglutition,mal de gorge,maux de tête,fièvre,,,,,,,,,,,,,
Choc anaphylactique,gonflements,palpitations,nausées,étourdissements,éruptions cutanées,difficultés respiratoires,,,,,,,,,,,
Calculs rénaux,vomissements,sang urine,nausées,,,,,,,,,,,,,,
Hyperthyroïdie,nervosité,perte poids,tremblements,,,,,,,,,,,,,,
Hypothyroïdie,chute cheveux,fatigue,peau sèche,prise poids,,,,,,,,,,,,,
Céphalées tension,irritabilité,tension musculaire,maux de tête,,,,,,,,,,,,,,
Pneumonie,frissons,fatigue,sueurs nocturnes,,,,,,,,,,,,,,
Urticaire,rougeurs cutanées,démangeaisons,éruptions cutanées,,,,,,,,,,,,,,
Urticaire,gonflements,rougeurs cutanées,éruptions cutanées,démangeaisons,sensation brûlure,,,,,,,,,,,,
Dépression,perte appétit,troubles sommeil,tristesse,difficultés concentration,,,,,,,,,,,,,
Trouble panique,peur intense,étourdissements,transpiration,essoufflement,tremblements,palpitations,,,,,,,,,,,
Rhinite allergique,fatigue,larmoiements,congestion nasale,démangeaisons nasales,,,,,,,,,,,,,
Calculs rénaux,urination fréquente,vomissements,sang urine,,,,,,,,,,,,,,
Allergie alimentaire,douleurs abdominales,diarrhée,nausées,vomissements,éruptions cutanées,gonflements,,,,,,,,,,,
Pneumonie,fatigue,frissons,fièvre,douleurs thoraciques,sueurs nocturnes,toux productive,essoufflement,,,,,,,,,,
Migraine,sensibilité lumière,troubles visuels,nausées,maux de tête,sensibilité bruit,vomissements,,,,,,,,,,,
Syndrome intestin irritable,douleurs abdominales,gaz intestinaux,constipation,,,,,,,,,,,,,,
COVID-19,fatigue,fièvre,essoufflement,douleurs musculaires,mal de gorge,perte goût odorat,maux de tête,toux sèche,,,,,,,,,
Eczéma,desquamation,peau sèche,irritation,,,,,,,,,,,,,,
Mycose cutanée,démangeaisons,sensation brûlure,desquamation,rougeurs cutanées,,,,,,,,,,,,,
Ulcère gastrique,perte appétit,douleurs abdominales,brûlures estomac,,,,,,,,,,,,,,
Arthrite,gonflements articulaires,douleurs articulaires,perte mobilité,,,,,,,,,,,,,,
Bronchite,congestion nasale,douleurs thoraciques,mal de gorge,essoufflement,fatigue,toux productive,,,,,,,,,,,
Sinusite,congestion nasale,fatigue,douleurs faciales,maux de tête,écoulement nasal,perte odorat,,,,,,,,,,,
Infection urinaire,brûlures mictionnelles,fatigue,urination fréquente,fièvre,douleurs pelviennes,urine trouble,,,,,,,,,,,
Ulcère gastrique,brûlures estomac,fatigue,perte poids,douleurs abdominales,nausées,perte appétit,,,,,,,,,,,
Trouble panique,palpitations,tremblements,essoufflement,,,,,,,,,,,,,,
Calculs rénaux,nausées,vomissements,sang urine,urination fréquente,douleurs abdominales,douleurs lombaires,,,,,,,,,,,
Urticaire,démangeaisons,gonflements,sensation brûlure,rougeurs cutanées,éruptions cutanées,,,,,,,,,,,,
Fibromyalgie,douleurs musculaires,troubles concentration,fatigue,raideur matinale,maux de tête,troubles sommeil,,,,,,,,,,,
Gastro-entérite,fatigue,douleurs abdominales,déshydratation,vomissements,diarrhée,,,,,,,,,,,,
Syndrome intestin irritable,constipation,gaz intestinaux,douleurs abdominales,fatigue,diarrhée,,,,,,,,,,,,
Syndrome intestin irritable,constipation,ballonnements,gaz intestinaux,,,,,,,,,,,,,,
COVID-19,fatigue,douleurs musculaires,essoufflement,toux sèche,fièvre,perte goût odorat,,,,,,,,,,,
Hyperthyroïdie,tremblements,perte poids,insomnie,nervosité,palpitations,transpiration excessive,,,,,,,,,,,
Vertiges,maux de tête,troubles visuels,nausées,fatigue,perte équilibre,étourdissements,,,,,,,,,,,
Eczéma,éruptions cutanées,peau sèche,rougeurs cutanées,irritation,desquamation,démangeaisons,,,,,,,,,,,
Calculs rénaux,urination fréquente,vomissements,douleurs lombaires,douleurs abdominales,nausées,,,,,,,,,,,,
Trouble panique,tremblements,étourdissements,essoufflement,peur intense,palpitations,,,,,,,,,,,,
Eczéma,démangeaisons,irritation,rougeurs cutanées,peau sèche,,,,,,,,,,,,,
Choc anaphylactique,palpitations,étourdissements,éruptions cutanées,gonflements,,,,,,,,,,,,,
Syndrome intestin irritable,gaz intestinaux,ballonnements,fatigue,constipation,douleurs abdominales,diarrhée,,,,,,,,,,,
Calculs rénaux,urination fréquente,sang urine,douleurs lombaires,,,,,,,,,,,,,,
Endométriose,nausées,règles douloureuses,ballonnements,douleurs pelviennes,,,,,,,,,,,,,
Hyperthyroïdie,perte poids,nervosité,insomnie,,,,,,,,,,,,,,
Dépression,tristesse,troubles sommeil,perte appétit,difficultés concentration,,,,,,,,,,,,,
Céphalées tension,irritabilité,maux de tête,fatigue,,,,,,,,,,,,,,
COVID-19,fièvre,essoufflement,fatigue,maux de tête,perte goût odorat,toux sèche,mal de gorge,douleurs musculaires,,,,,,,,,
Hyperthyroïdie,transpiration excessive,tremblements,perte poids,nervosité,,,,,,,,,,,,,
Syndrome intestin irritable,constipation,ballonnements,diarrhée,,,,,,,,,,,,,,
Angine poitrine,fatigue,nausées,douleurs thoraciques,,,,,,,,,,,,,,
Infection urinaire,urination fréquente,fatigue,brûlures mictionnelles,douleurs pelviennes,urine trouble,fièvre,,,,,,,,,,,
Dépression,tristesse,perte appétit,difficultés concentration,fatigue,perte intérêt,,,,,,,,,,,,
Migraine,vomissements,sensibilité bruit,nausées,maux de tête,troubles visuels,,,,,,,,,,,,
Angine,difficultés déglutition,fièvre,maux de tête,,,,,,,,,,,,,,
Mycose cutanée,odeur,démangeaisons,sensation brûlure,,,,,,,,,,,,,,
Anxiété généralisée,tension musculaire,irritabilité,fatigue,inquiétudes excessives,troubles sommeil,nervosité,,,,,,,,,,,
Diabète type 2,fatigue,perte poids,cicatrisation lente,vision floue,soif excessive,,,,,,,,,,,,
Angine,difficultés déglutition,fièvre,ganglions gonflés,fatigue,maux de tête,mal de gorge,,,,,,,,,,,
Allergie alimentaire,éruptions cutanées,diarrhée,douleurs abdominales,gonflements,,,,,,,,,,,,,
Migraine,troubles visuels,sensibilité lumière,vomissements,sensibilité bruit,,,,,,,,,,,,,
Bronchite,mal de gorge,essoufflement,douleurs thoraciques,,,,,,,,,,,,,,
Asthme,toux sèche,oppression thoracique,essoufflement,,,,,,,,,,,,,,
Choc anaphylactique,palpitations,éruptions cutanées,nausées,,,,,,,,,,,,,,
Psoriasis,douleurs articulaires,peau sèche,plaques rouges,desquamation,,,,,,,,,,,,,
Endométriose,douleurs rapports,nausées,douleurs pelviennes,,,,,,,,,,,,,,
Angine,difficultés déglutition,fièvre,fatigue,,,,,,,,,,,,,,
Endométriose,fatigue,douleurs rapports,ballonnements,règles douloureuses,douleurs pelviennes,nausées,,,,,,,,,,,
Trouble panique,tremblements,transpiration,étourdissements,peur intense,,,,,,,,,,,,,
Arythmie,essoufflement,étourdissements,fatigue,douleurs thoraciques,palpitations,évanouissements,,,,,,,,,,,
Syndrome prémenstruel,maux de tête,fatigue,douleurs abdominales,irritabilité,ballonnements,,,,,,,,,,,,
Psoriasis,douleurs articulaires,desquamation,plaques rouges,démangeaisons,peau sèche,,,,,,,,,,,,
Lombalgie,douleurs lombaires,raideur,douleurs irradiantes,spasmes musculaires,limitation mouvements,,,,,,,,,,,,
Eczéma,démangeaisons,éruptions cutanées,rougeurs cutanées,,,,,,,,,,,,,,
Syndrome prémenstruel,ballonnements,sensibilité seins,douleurs abdominales,fatigue,,,,,,,,,,,,,
Endométriose,douleurs rapports,douleurs pelviennes,règles douloureuses,fatigue,,,,,,,,,,,,,
Fibromyalgie,troubles sommeil,maux de tête,troubles concentration,,,,,,,,,,,,,,
Diabète type 2,cicatrisation lente,urination fréquente,soif excessive,fatigue,vision floue,perte poids,,,,,,,,,,,
Syndrome intestin irritable,fatigue,gaz intestinaux,ballonnements,,,,,,,,,,,,,,
Hypertension,fatigue,étourdissements,essoufflement,troubles visuels,,,,,,,,,,,,,
Lombalgie,limitation mouvements,spasmes musculaires,douleurs irradiantes,douleurs lombaires,,,,,,,,,,,,,
Hyperthyroïdie,tremblements,palpitations,perte poids,transpiration excessive,insomnie,,,,,,,,,,,,
Fibromyalgie,troubles sommeil,fatigue,maux de tête,douleurs musculaires,troubles concentration,,,,,,,,,,,,
Endométriose,règles douloureuses,ballonnements,nausées,douleurs pelviennes,fatigue,,,,,,,,,,,,
Allergie alimentaire,douleurs abdominales,nausées,gonflements,éruptions cutanées,,,,,,,,,,,,,
Anxiété généralisée,tension musculaire,inquiétudes excessives,nervosité,,,,,,,,,,,,,,
Gastro-entérite,douleurs abdominales,fièvre,déshydratation,,,,,,,,,,,,,,
Appendicite,fièvre,vomissements,perte appétit,douleurs abdominales,constipation,nausées,,,,,,,,,,,
Rhinite allergique,démangeaisons nasales,écoulement nasal,larmoiements,congestion nasale,éternuements,,,,,,,,,,,,
Asthme,essoufflement,oppression thoracique,toux sèche,,,,,,,,,,,,,,
Endométriose,douleurs pelviennes,règles douloureuses,nausées,ballonnements,douleurs rapports,,,,,,,,,,,,
Diabète type 2,vision floue,fatigue,urination fréquente,perte poids,,,,,,,,,,,,,
Arythmie,essoufflement,douleurs thoraciques,évanouissements,palpitations,,,,,,,,,,,,,
Bronchite,douleurs thoraciques,mal de gorge,fatigue,toux productive,essoufflement,,,,,,,,,,,,
Endométriose,nausées,fatigue,douleurs rapports,,,,,,,,,,,,,,
Lombalgie,spasmes musculaires,douleurs irradiantes,raideur,,,,,,,,,,,,,,
Arythmie,palpitations,essoufflement,douleurs thoraciques,,,,,,,,,,,,,,
Eczéma,desquamation,peau sèche,éruptions cutanées,rougeurs cutanées,démangeaisons,,,,,,,,,,,,
Grippe,maux de tête,fièvre,douleurs musculaires,,,,,,,,,,,,,,
Arythmie,douleurs thoraciques,essoufflement,fatigue,palpitations,étourdissements,,,,,,,,,,,,
Sinusite,perte odorat,douleurs faciales,maux de tête,écoulement nasal,,,,,,,,,,,,,
Eczéma,irritation,démangeaisons,peau sèche,,,,,,,,,,,,,,
Bronchite,douleurs thoraciques,congestion nasale,toux productive,,,,,,,,,,,,,,
Rhinite allergique,congestion nasale,démangeaisons nasales,écoulement nasal,larmoiements,éternuements,fatigue,,,,,,,,,,,
Mycose cutanée,rougeurs cutanées,odeur,démangeaisons,desquamation,sensation brûlure,,,,,,,,,,,,
Anxiété généralisée,nervosité,fatigue,irritabilité,,,,,,,,,,,,,,
Lombalgie,douleurs irradiantes,douleurs lombaires,raideur,limitation mouvements,,,,,,,,,,,,,
Angine poitrine,sueurs,essoufflement,nausées,palpitations,fatigue,,,,,,,,,,,,
Ulcère gastrique,fatigue,douleurs abdominales,perte poids,brûlures estomac,,,,,,,,,,,,,
Arythmie,fatigue,étourdissements,douleurs thoraciques,essoufflement,,,,,,,,,,,,,
Angine poitrine,palpitations,fatigue,essoufflement,,,,,,,,,,,,,,
COVID-19,essoufflement,mal de gorge,douleurs musculaires,toux sèche,,,,,,,,,,,,,
Rhinite allergique,éternuements,larmoiements,démangeaisons nasales,congestion nasale,,,,,,,,,,,,,
Arthrite,gonflements articulaires,perte mobilité,fatigue,,,,,,,,,,,,,,
Hyperthyroïdie,palpitations,tremblements,insomnie,perte poids,transpiration excessive,nervosité,,,,,,,,,,,
Appendicite,perte appétit,douleurs abdominales,vomissements,fièvre,nausées,constipation,,,,,,,,,,,
Asthme,respiration sifflante,toux sèche,oppression thoracique,,,,,,,,,,,,,,
Angine poitrine,palpitations,nausées,fatigue,essoufflement,,,,,,,,,,,,,
Hyperthyroïdie,insomnie,palpitations,perte poids,nervosité,tremblements,,,,,,,,,,,,
Vertiges,nausées,étourdissements,maux de tête,perte équilibre,troubles visuels,fatigue,,,,,,,,,,,
Asthme,toux sèche,fatigue,oppression thoracique,respiration sifflante,,,,,,,,,,,,,
Rhinite allergique,fatigue,larmoiements,éternuements,congestion nasale,,,,,,,,,,,,,
Sinusite,congestion nasale,maux de tête,perte odorat,douleurs faciales,écoulement nasal,fatigue,,,,,,,,,,,
Reflux gastrique,douleurs thoraciques,brûlures estomac,toux sèche,difficultés déglutition,,,,,,,,,,,,,
Sinusite,perte odorat,maux de tête,écoulement nasal,fatigue,congestion nasale,,,,,,,,,,,,
Psoriasis,démangeaisons,desquamation,douleurs articulaires,plaques rouges,,,,,,,,,,,,,
Anxiété généralisée,fatigue,nervosité,irritabilité,inquiétudes excessives,tension musculaire,troubles sommeil,,,,,,,,,,,
Diabète type 2,fatigue,vision floue,cicatrisation lente,perte poids,,,,,,,,,,,,,
Calculs rénaux,urination fréquente,douleurs lombaires,douleurs abdominales,,,,,,,,,,,,,,
Hypertension,essoufflement,étourdissements,maux de tête,troubles visuels,,,,,,,,,,,,,
Allergie alimentaire,diarrhée,nausées,vomissements,douleurs abdominales,,,,,,,,,,,,,
Endométriose,douleurs pelviennes,règles douloureuses,ballonnements,,,,,,,,,,,,,,
Migraine,sensibilité bruit,maux de tête,troubles visuels,,,,,,,,,,,,,,
Anxiété généralisée,fatigue,irritabilité,nervosité,,,,,,,,,,,,,,
Urticaire,gonflements,sensation brûlure,démangeaisons,éruptions cutanées,rougeurs cutanées,,,,,,,,,,,,
Sinusite,écoulement nasal,maux de tête,fatigue,,,,,,,,,,,,,,
Trouble panique,peur intense,transpiration,tremblements,essoufflement,,,,,,,,,,,,,
Hypertension,essoufflement,maux de tête,fatigue,,,,,,,,,,,,,,
Syndrome intestin irritable,diarrhée,fatigue,gaz intestinaux,constipation,douleurs abdominales,,,,,,,,,,,,
Anxiété généralisée,nervosité,inquiétudes excessives,tension musculaire,,,,,,,,,,,,,,
Endométriose,fatigue,douleurs rapports,nausées,ballonnements,règles douloureuses,,,,,,,,,,,,
Syndrome intestin irritable,fatigue,constipation,gaz intestinaux,douleurs abdominales,,,,,,,,,,,,,
Calculs rénaux,nausées,vomissements,douleurs lombaires,,,,,,,,,,,,,,
Hypertension,étourdissements,maux de tête,douleurs thoraciques,essoufflement,fatigue,troubles visuels,,,,,,,,,,,
Infection urinaire,fièvre,urination fréquente,brûlures mictionnelles,douleurs pelviennes,,,,,,,,,,,,,
Reflux gastrique,brûlures estomac,douleurs thoraciques,toux sèche,,,,,,,,,,,,,,
Diabète type 2,perte poids,cicatrisation lente,urination fréquente,soif excessive,vision floue,fatigue,,,,,,,,,,,
Dépression,fatigue,troubles sommeil,perte intérêt,perte appétit,tristesse,difficultés concentration,,,,,,,,,,,
Hypertension,douleurs thoraciques,étourdissements,maux de tête,fatigue,troubles visuels,essoufflement,,,,,,,,,,,
Pneumonie,essoufflement,douleurs thoraciques,toux productive,fatigue,frissons,sueurs nocturnes,,,,,,,,,,,
Angine,mal de gorge,maux de tête,ganglions gonflés,difficultés déglutition,,,,,,,,,,,,,
Otite,fièvre,irritabilité,maux de tête,douleurs oreille,perte audition,écoulement oreille,,,,,,,,,,,
Lombalgie,douleurs irradiantes,limitation mouvements,raideur,spasmes musculaires,,,,,,,,,,,,,
Allergie alimentaire,gonflements,douleurs abdominales,éruptions cutanées,vomissements,nausées,diarrhée,,,,,,,,,,,
Lombalgie,douleurs irradiantes,douleurs lombaires,raideur,spasmes musculaires,limitation mouvements,,,,,,,,,,,,
Reflux gastrique,difficultés déglutition,brûlures estomac,douleurs thoraciques,régurgitations,toux sèche,,,,,,,,,,,,
Reflux gastrique,régurgitations,toux sèche,difficultés déglutition,douleurs thoraciques,brûlures estomac,,,,,,,,,,,,
Bronchite,essoufflement,toux productive,congestion nasale,,,,,,,,,,,,,,
Ulcère gastrique,douleurs abdominales,perte appétit,brûlures estomac,,,,,,,,,,,,,,
Calculs rénaux,douleurs abdominales,sang urine,nausées,douleurs lombaires,urination fréquente,vomissements,,,,,,,,,,,
Anxiété généralisée,inquiétudes excessives,irritabilité,nervosité,tension musculaire,fatigue,troubles sommeil,,,,,,,,,,,
Arythmie,évanouissements,douleurs thoraciques,fatigue,étourdissements,essoufflement,,,,,,,,,,,,
Hypertension,fatigue,essoufflement,maux de tête,troubles visuels,,,,,,,,,,,,,
Urticaire,gonflements,démangeaisons,éruptions cutanées,,,,,,,,,,,,,,
Sinusite,fatigue,perte odorat,écoulement nasal,maux de tête,douleurs faciales,,,,,,,,,,,,
Eczéma,rougeurs cutanées,éruptions cutanées,irritation,desquamation,peau sèche,démangeaisons,,,,,,,,,,,
Dépression,fatigue,troubles sommeil,tristesse,difficultés concentration,,,,,,,,,,,,,
Eczéma,rougeurs cutanées,desquamation,démangeaisons,peau sèche,,,,,,,,,,,,,
Endométriose,nausées,ballonnements,douleurs pelviennes,douleurs rapports,règles douloureuses,fatigue,,,,,,,,,,,
Asthme,respiration sifflante,fatigue,oppression thoracique,toux sèche,essoufflement,,,,,,,,,,,,
Mycose cutanée,sensation brûlure,desquamation,rougeurs cutanées,démangeaisons,odeur,,,,,,,,,,,,
Asthme,oppression thoracique,respiration sifflante,fatigue,,,,,,,,,,,,,,
Hypothyroïdie,constipation,peau sèche,frilosité,chute cheveux,prise poids,,,,,,,,,,,,
Angine poitrine,essoufflement,nausées,fatigue,douleurs thoraciques,,,,,,,,,,,,,
Allergie alimentaire,diarrhée,douleurs abdominales,vomissements,éruptions cutanées,gonflements,,,,,,,,,,,,
Angine,difficultés déglutition,ganglions gonflés,maux de tête,mal de gorge,fièvre,,,,,,,,,,,,
Psoriasis,peau sèche,plaques rouges,desquamation,,,,,,,,,,,,,,
Fibromyalgie,fatigue,maux de tête,troubles sommeil,raideur matinale,douleurs musculaires,,,,,,,,,,,,
Rhinite allergique,écoulement nasal,démangeaisons nasales,éternuements,larmoiements,fatigue,,,,,,,,,,,,
Calculs rénaux,sang urine,nausées,douleurs lombaires,douleurs abdominales,,,,,,,,,,,,,
Migraine,vomissements,nausées,troubles visuels,sensibilité lumière,sensibilité bruit,maux de tête,,,,,,,,,,,
Asthme,fatigue,oppression thoracique,respiration sifflante,essoufflement,,,,,,,,,,,,,
Infection urinaire,douleurs pelviennes,brûlures mictionnelles,fatigue,urine trouble,,,,,,,,,,,,,
Rhinite allergique,écoulement nasal,éternuements,larmoiements,,,,,,,,,,,,,,
Arthrite,gonflements articulaires,perte mobilité,douleurs articulaires,raideur matinale,,,,,,,,,,,,,
Dépression,perte intérêt,difficultés concentration,fatigue,,,,,,,,,,,,,,
Fibromyalgie,troubles concentration,raideur matinale,maux de tête,douleurs musculaires,,,,,,,,,,,,,
Asthme,essoufflement,respiration sifflante,oppression thoracique,fatigue,,,,,,,,,,,,,
Bronchite,essoufflement,congestion nasale,fatigue,,,,,,,,,,,,,,
Hyperthyroïdie,perte poids,nervosité,tremblements,transpiration excessive,insomnie,,,,,,,,,,,,
Mycose cutanée,desquamation,rougeurs cutanées,démangeaisons,odeur,sensation brûlure,,,,,,,,,,,,
Allergie alimentaire,éruptions cutanées,diarrhée,douleurs abdominales,nausées,,,,,,,,,,,,,
Trouble panique,tremblements,palpitations,essoufflement,peur intense,transpiration,,,,,,,,,,,,
Syndrome intestin irritable,douleurs abdominales,ballonnements,constipation,diarrhée,gaz intestinaux,,,,,,,,,,,,
Arythmie,essoufflement,étourdissements,évanouissements,douleurs thoraciques,fatigue,palpitations,,,,,,,,,,,
Infection urinaire,fatigue,urination fréquente,douleurs pelviennes,fièvre,urine trouble,brûlures mictionnelles,,,,,,,,,,,
Trouble panique,tremblements,peur intense,essoufflement,étourdissements,transpiration,,,,,,,,,,,,
Rhinite allergique,fatigue,larmoiements,congestion nasale,éternuements,,,,,,,,,,,,,
Psoriasis,démangeaisons,desquamation,douleurs articulaires,plaques rouges,,,,,,,,,,,,,
Dépression,tristesse,difficultés concentration,perte appétit,,,,,,,,,,,,,,
Hypothyroïdie,chute cheveux,fatigue,peau sèche,constipation,prise poids,frilosité,,,,,,,,,,,
Infection urinaire,fatigue,urination fréquente,fièvre,brûlures mictionnelles,douleurs pelviennes,urine trouble,,,,,,,,,,,
Lombalgie,limitation mouvements,douleurs irradiantes,spasmes musculaires,douleurs lombaires,,,,,,,,,,,,,
Fibromyalgie,fatigue,troubles concentration,raideur matinale,troubles sommeil,douleurs musculaires,maux de tête,,,,,,,,,,,
Ulcère gastrique,perte appétit,fatigue,douleurs abdominales,brûlures estomac,perte poids,nausées,,,,,,,,,,,
Diabète type 2,soif excessive,vision floue,urination fréquente,,,,,,,,,,,,,,
Arythmie,évanouissements,douleurs thoraciques,essoufflement,palpitations,,,,,,,,,,,,,
Rhinite allergique,larmoiements,écoulement nasal,démangeaisons nasales,fatigue,éternuements,congestion nasale,,,,,,,,,,,
Choc anaphylactique,éruptions cutanées,gonflements,palpitations,,,,,,,,,,,,,,
Hypothyroïdie,frilosité,chute cheveux,fatigue,prise poids,,,,,,,,,,,,,
Gastro-entérite,déshydratation,douleurs abdominales,vomissements,diarrhée,fatigue,fièvre,nausées,,,,,,,,,,
Pneumonie,sueurs nocturnes,frissons,fatigue,toux productive,fièvre,douleurs thoraciques,,,,,,,,,,,
Gastro-entérite,déshydratation,douleurs abdominales,fatigue,diarrhée,,,,,,,,,,,,,
Lombalgie,limitation mouvements,douleurs lombaires,raideur,douleurs irradiantes,spasmes musculaires,,,,,,,,,,,,
Choc anaphylactique,nausées,gonflements,étourdissements,éruptions cutanées,difficultés respiratoires,,,,,,,,,,,,
Arthrite,raideur matinale,douleurs articulaires,perte mobilité,,,,,,,,,,,,,,
Syndrome prémenstruel,ballonnements,douleurs abdominales,sensibilité seins,,,,,,,,,,,,,,
Asthme,respiration sifflante,toux sèche,oppression thoracique,essoufflement,fatigue,,,,,,,,,,,,
Eczéma,desquamation,rougeurs cutanées,démangeaisons,,,,,,,,,,,,,,
Eczéma,éruptions cutanées,desquamation,démangeaisons,rougeurs cutanées,,,,,,,,,,,,,
Psoriasis,desquamation,peau sèche,plaques rouges,démangeaisons,douleurs articulaires,,,,,,,,,,,,
Mycose cutanée,odeur,desquamation,rougeurs cutanées,démangeaisons,,,,,,,,,,,,,
Arthrite,perte mobilité,douleurs articulaires,raideur matinale,fatigue,gonflements articulaires,,,,,,,,,,,,
Endométriose,ballonnements,fatigue,douleurs rapports,douleurs pelviennes,nausées,,,,,,,,,,,,
Bronchite,douleurs thoraciques,fatigue,congestion nasale,,,,,,,,,,,,,,
Hypertension,essoufflement,douleurs thoraciques,fatigue,étourdissements,maux de tête,,,,,,,,,,,,
Arythmie,fatigue,évanouissements,douleurs thoraciques,,,,,,,,,,,,,,
Anxiété généralisée,fatigue,irritabilité,tension musculaire,inquiétudes excessives,nervosité,troubles sommeil,,,,,,,,,,,
Calculs rénaux,urination fréquente,vomissements,douleurs abdominales,,,,,,,,,,,,,,
Hyperthyroïdie,perte poids,nervosité,transpiration excessive,tremblements,palpitations,insomnie,,,,,,,,,,,
Diabète type 2,cicatrisation lente,perte poids,soif excessive,urination fréquente,,,,,,,,,,,,,
COVID-19,fatigue,essoufflement,toux sèche,fièvre,,,,,,,,,,,,,
Pneumonie,frissons,fatigue,douleurs thoraciques,sueurs nocturnes,essoufflement,toux productive,,,,,,,,,,,
Angine,mal de gorge,fatigue,maux de tête,ganglions gonflés,,,,,,,,,,,,,
Arthrite,gonflements articulaires,perte mobilité,fatigue,douleurs articulaires,raideur matinale,,,,,,,,,,,,
Endométriose,règles douloureuses,douleurs rapports,fatigue,,,,,,,,,,,,,,
Céphalées tension,tension musculaire,irritabilité,maux de tête,fatigue,,,,,,,,,,,,,
Dépression,difficultés concentration,perte intérêt,troubles sommeil,tristesse,fatigue,,,,,,,,,,,,
Syndrome prémenstruel,douleurs abdominales,ballonnements,sensibilité seins,irritabilité,fatigue,,,,,,,,,,,,
Fibromyalgie,troubles concentration,raideur matinale,douleurs musculaires,maux de tête,fatigue,,,,,,,,,,,,
Angine poitrine,essoufflement,fatigue,sueurs,,,,,,,,,,,,,,
Fibromyalgie,raideur matinale,maux de tête,troubles concentration,fatigue,troubles sommeil,,,,,,,,,,,,
Céphalées tension,fatigue,difficultés concentration,maux de tête,tension musculaire,irritabilité,,,,,,,,,,,,
Hyperthyroïdie,tremblements,transpiration excessive,insomnie,,,,,,,,,,,,,,
Mycose cutanée,démangeaisons,rougeurs cutanées,odeur,sensation brûlure,desquamation,,,,,,,,,,,,
Diabète type 2,soif excessive,cicatrisation lente,fatigue,vision floue,perte poids,urination fréquente,,,,,,,,,,,
Hyperthyroïdie,tremblements,perte poids,nervosité,,,,,,,,,,,,,,
Psoriasis,plaques rouges,peau sèche,démangeaisons,desquamation,,,,,,,,,,,,,
Sinusite,douleurs faciales,maux de tête,perte odorat,écoulement nasal,fatigue,,,,,,,,,,,,
Infection urinaire,urine trouble,douleurs pelviennes,fièvre,fatigue,brûlures mictionnelles,,,,,,,,,,,,
Urticaire,éruptions cutanées,gonflements,rougeurs cutanées,démangeaisons,sensation brûlure,,,,,,,,,,,,
Bronchite,congestion nasale,douleurs thoraciques,essoufflement,,,,,,,,,,,,,,
Angine poitrine,fatigue,douleurs thoraciques,essoufflement,sueurs,palpitations,,,,,,,,,,,,
Migraine,nausées,maux de tête,troubles visuels,sensibilité lumière,sensibilité bruit,vomissements,,,,,,,,,,,
Diabète type 2,soif excessive,cicatrisation lente,fatigue,perte poids,,,,,,,,,,,,,
Bronchite,essoufflement,toux productive,congestion nasale,fatigue,douleurs thoraciques,mal de gorge,,,,,,,,,,,
Hypothyroïdie,fatigue,chute cheveux,prise poids,peau sèche,frilosité,,,,,,,,,,,,
Trouble panique,essoufflement,peur intense,étourdissements,,,,,,,,,,,,,,
Angine poitrine,sueurs,essoufflement,fatigue,nausées,palpitations,douleurs thoraciques,,,,,,,,,,,
Lombalgie,douleurs irradiantes,raideur,spasmes musculaires,douleurs lombaires,limitation mouvements,,,,,,,,,,,,
Ulcère gastrique,perte appétit,fatigue,perte poids,nausées,,,,,,,,,,,,,
Mycose cutanée,sensation brûlure,desquamation,rougeurs cutanées,odeur,,,,,,,,,,,,,
Syndrome prémenstruel,sensibilité seins,maux de tête,douleurs abdominales,fatigue,,,,,,,,,,,,,
Asthme,essoufflement,fatigue,respiration sifflante,toux sèche,,,,,,,,,,,,,
Psoriasis,desquamation,peau sèche,plaques rouges,démangeaisons,douleurs articulaires,,,,,,,,,,,,
COVID-19,douleurs musculaires,essoufflement,perte goût odorat,fièvre,maux de tête,mal de gorge,fatigue,,,,,,,,,,
Grippe,douleurs musculaires,mal de gorge,fatigue,maux de tête,,,,,,,,,,,,,
Gastro-entérite,nausées,déshydratation,fatigue,vomissements,diarrhée,douleurs abdominales,,,,,,,,,,,
Mycose cutanée,desquamation,rougeurs cutanées,odeur,sensation brûlure,,,,,,,,,,,,,
Syndrome intestin irritable,gaz intestinaux,ballonnements,douleurs abdominales,,,,,,,,,,,,,,
Hypertension,essoufflement,douleurs thoraciques,étourdissements,fatigue,maux de tête,troubles visuels,,,,,,,,,,,
Psoriasis,peau sèche,démangeaisons,desquamation,douleurs articulaires,plaques rouges,,,,,,,,,,,,
Trouble panique,palpitations,étourdissements,essoufflement,transpiration,tremblements,peur intense,,,,,,,,,,,
Psoriasis,démangeaisons,douleurs articulaires,plaques rouges,desquamation,peau sèche,,,,,,,,,,,,
Ulcère gastrique,perte appétit,perte poids,nausées,brûlures estomac,douleurs abdominales,fatigue,,,,,,,,,,,
Hypothyroïdie,peau sèche,prise poids,fatigue,,,,,,,,,,,,,,
Angine,fatigue,fièvre,maux de tête,ganglions gonflés,mal de gorge,,,,,,,,,,,,
Diabète type 2,soif excessive,urination fréquente,fatigue,cicatrisation lente,,,,,,,,,,,,,
Endométriose,ballonnements,douleurs pelviennes,règles douloureuses,fatigue,douleurs rapports,nausées,,,,,,,,,,,
Bronchite,congestion nasale,essoufflement,toux productive,,,,,,,,,,,,,,
Hypertension,étourdissements,essoufflement,troubles visuels,fatigue,,,,,,,,,,,,,
Mycose cutanée,rougeurs cutanées,démangeaisons,desquamation,odeur,,,,,,,,,,,,,
Angine poitrine,palpitations,fatigue,douleurs thoraciques,nausées,sueurs,essoufflement,,,,,,,,,,,
Choc anaphylactique,gonflements,nausées,palpitations,éruptions cutanées,,,,,,,,,,,,,
Otite,maux de tête,irritabilité,fièvre,,,,,,,,,,,,,,
Angine,fièvre,mal de gorge,maux de tête,,,,,,,,,,,,,,
Endométriose,règles douloureuses,nausées,douleurs rapports,fatigue,,,,,,,,,,,,,
Céphalées tension,irritabilité,tension musculaire,maux de tête,,,,,,,,,,,,,,
Syndrome prémenstruel,sensibilité seins,fatigue,irritabilité,ballonnements,,,,,,,,,,,,,
Bronchite,essoufflement,toux productive,congestion nasale,,,,,,,,,,,,,,
Hypothyroïdie,frilosité,fatigue,constipation,chute cheveux,,,,,,,,,,,,,
Hypertension,étourdissements,fatigue,essoufflement,troubles visuels,,,,,,,,,,,,,
Reflux gastrique,toux sèche,brûlures estomac,douleurs thoraciques,,,,,,,,,,,,,,
Syndrome intestin irritable,douleurs abdominales,gaz intestinaux,fatigue,diarrhée,constipation,,,,,,,,,,,,
Diabète type 2,vision floue,soif excessive,fatigue,urination fréquente,cicatrisation lente,perte poids,,,,,,,,,,,
Bronchite,douleurs thoraciques,mal de gorge,toux productive,essoufflement,fatigue,congestion nasale,,,,,,,,,,,
Gastro-entérite,diarrhée,douleurs abdominales,fatigue,fièvre,déshydratation,vomissements,,,,,,,,,,,
Asthme,respiration sifflante,essoufflement,toux sèche,oppression thoracique,fatigue,,,,,,,,,,,,
Gastro-entérite,fièvre,diarrhée,fatigue,nausées,,,,,,,,,,,,,
Arthrite,raideur matinale,fatigue,perte mobilité,,,,,,,,,,,,,,
COVID-19,fièvre,essoufflement,mal de gorge,fatigue,,,,,,,,,,,,,
COVID-19,mal de gorge,perte goût odorat,douleurs musculaires,maux de tête,fièvre,,,,,,,,,,,,
Otite,perte audition,écoulement oreille,maux de tête,fièvre,douleurs oreille,irritabilité,,,,,,,,,,,
Choc anaphylactique,difficultés respiratoires,éruptions cutanées,nausées,palpitations,étourdissements,gonflements,,,,,,,,,,,
Fibromyalgie,fatigue,troubles concentration,douleurs musculaires,maux de tête,troubles sommeil,,,,,,,,,,,,
Infection urinaire,urination fréquente,brûlures mictionnelles,fatigue,douleurs pelviennes,fièvre,,,,,,,,,,,,
Dépression,tristesse,troubles sommeil,fatigue,perte appétit,perte intérêt,,,,,,,,,,,,
Allergie alimentaire,nausées,vomissements,éruptions cutanées,gonflements,diarrhée,douleurs abdominales,,,,,,,,,,,
Arthrite,douleurs articulaires,raideur matinale,fatigue,gonflements articulaires,perte mobilité,,,,,,,,,,,,
Diabète type 2,perte poids,urination fréquente,fatigue,cicatrisation lente,vision floue,soif excessive,,,,,,,,,,,
Psoriasis,démangeaisons,desquamation,peau sèche,douleurs articulaires,,,,,,,,,,,,,
Eczéma,peau sèche,démangeaisons,irritation,,,,,,,,,,,,,,
Dépression,perte appétit,perte intérêt,difficultés concentration,troubles sommeil,tristesse,fatigue,,,,,,,,,,,
Infection urinaire,brûlures mictionnelles,fièvre,urination fréquente,douleurs pelviennes,fatigue,urine trouble,,,,,,,,,,,
Céphalées tension,maux de tête,irritabilité,tension musculaire,,,,,,,,,,,,,,
Arthrite,raideur matinale,douleurs articulaires,gonflements articulaires,,,,,,,,,,,,,,
Otite,irritabilité,fièvre,écoulement oreille,perte audition,,,,,,,,,,,,,
Arthrite,gonflements articulaires,perte mobilité,raideur matinale,douleurs articulaires,,,,,,,,,,,,,
Arthrite,douleurs articulaires,fatigue,perte mobilité,raideur matinale,,,,,,,,,,,,,
Trouble panique,palpitations,tremblements,transpiration,étourdissements,,,,,,,,,,,,,
Sinusite,douleurs faciales,maux de tête,perte odorat,,,,,,,,,,,,,,
Trouble panique,essoufflement,étourdissements,palpitations,peur intense,,,,,,,,,,,,,
Urticaire,gonflements,rougeurs cutanées,sensation brûlure,démangeaisons,éruptions cutanées,,,,,,,,,,,,
Ulcère gastrique,douleurs abdominales,perte poids,fatigue,brûlures estomac,,,,,,,,,,,,,
Vertiges,fatigue,maux de tête,troubles visuels,étourdissements,,,,,,,,,,,,,
Hyperthyroïdie,palpitations,perte poids,nervosité,insomnie,tremblements,,,,,,,,,,,,
Anxiété généralisée,fatigue,inquiétudes excessives,irritabilité,tension musculaire,,,,,,,,,,,,,
Rhinite allergique,fatigue,congestion nasale,démangeaisons nasales,éternuements,écoulement nasal,larmoiements,,,,,,,,,,,
Hypothyroïdie,constipation,fatigue,peau sèche,,,,,,,,,,,,,,
Syndrome intestin irritable,ballonnements,diarrhée,constipation,fatigue,,,,,,,,,,,,,
Infection urinaire,urination fréquente,fièvre,fatigue,douleurs pelviennes,brûlures mictionnelles,urine trouble,,,,,,,,,,,
Migraine,maux de tête,troubles visuels,sensibilité lumière,,,,,,,,,,,,,,
COVID-19,douleurs musculaires,fièvre,essoufflement,,,,,,,,,,,,,,
Mycose cutanée,sensation brûlure,odeur,démangeaisons,desquamation,rougeurs cutanées,,,,,,,,,,,,
Céphalées tension,fatigue,tension musculaire,irritabilité,difficultés concentration,maux de tête,,,,,,,,,,,,
Trouble panique,tremblements,peur intense,étourdissements,palpitations,,,,,,,,,,,,,
Grippe,fièvre,mal de gorge,congestion nasale,maux de tête,douleurs musculaires,toux sèche,,,,,,,,,,,
Ulcère gastrique,douleurs abdominales,fatigue,perte poids,,,,,,,,,,,,,,
Vertiges,troubles visuels,maux de tête,fatigue,nausées,perte équilibre,,,,,,,,,,,,
Gastro-entérite,vomissements,fatigue,nausées,douleurs abdominales,diarrhée,,,,,,,,,,,,
Ulcère gastrique,brûlures estomac,fatigue,perte poids,perte appétit,nausées,,,,,,,,,,,,
Appendicite,constipation,vomissements,douleurs abdominales,,,,,,,,,,,,,,
Hypothyroïdie,fatigue,peau sèche,constipation,,,,,,,,,,,,,,
Reflux gastrique,toux sèche,douleurs thoraciques,brûlures estomac,,,,,,,,,,,,,,
Angine poitrine,sueurs,fatigue,palpitations,,,,,,,,,,,,,,
Bronchite,essoufflement,fatigue,congestion nasale,mal de gorge,toux productive,,,,,,,,,,,,
COVID-19,fatigue,fièvre,mal de gorge,,,,,,,,,,,,,,
Hypothyroïdie,peau sèche,frilosité,constipation,,,,,,,,,,,,,,
Urticaire,éruptions cutanées,gonflements,rougeurs cutanées,sensation brûlure,démangeaisons,,,,,,,,,,,,
Rhinite allergique,éternuements,démangeaisons nasales,fatigue,,,,,,,,,,,,,,
Appendicite,fièvre,constipation,vomissements,,,,,,,,,,,,,,
Migraine,nausées,troubles visuels,maux de tête,sensibilité bruit,,,,,,,,,,,,,
Pneumonie,toux productive,essoufflement,fièvre,douleurs thoraciques,sueurs nocturnes,frissons,fatigue,,,,,,,,,,
Diabète type 2,vision floue,urination fréquente,perte poids,fatigue,cicatrisation lente,soif excessive,,,,,,,,,,,
Anxiété généralisée,irritabilité,tension musculaire,nervosité,troubles sommeil,fatigue,inquiétudes excessives,,,,,,,,,,,
Vertiges,maux de tête,étourdissements,troubles visuels,perte équilibre,,,,,,,,,,,,,
Diabète type 2,perte poids,cicatrisation lente,soif excessive,fatigue,urination fréquente,,,,,,,,,,,,
Psoriasis,peau sèche,desquamation,douleurs articulaires,,,,,,,,,,,,,,
Allergie alimentaire,nausées,douleurs abdominales,gonflements,éruptions cutanées,vomissements,,,,,,,,,,,,
Mycose cutanée,démangeaisons,desquamation,odeur,rougeurs cutanées,sensation brûlure,,,,,,,,,,,,
Hypothyroïdie,peau sèche,fatigue,frilosité,prise poids,constipation,chute cheveux,,,,,,,,,,,
Diabète type 2,soif excessive,cicatrisation lente,perte poids,vision floue,fatigue,urination fréquente,,,,,,,,,,,
Grippe,maux de tête,fièvre,frissons,fatigue,douleurs musculaires,mal de gorge,congestion nasale,toux sèche,,,,,,,,,
Otite,douleurs oreille,fièvre,perte audition,maux de tête,irritabilité,écoulement oreille,,,,,,,,,,,
Pneumonie,frissons,fatigue,sueurs nocturnes,fièvre,douleurs thoraciques,,,,,,,,,,,,
Hyperthyroïdie,transpiration excessive,palpitations,insomnie,nervosité,perte poids,tremblements,,,,,,,,,,,
Migraine,troubles visuels,maux de tête,sensibilité lumière,nausées,sensibilité bruit,vomissements,,,,,,,,,,,
Rhinite allergique,éternuements,démangeaisons nasales,congestion nasale,,,,,,,,,,,,,,
Otite,perte audition,irritabilité,maux de tête,écoulement oreille,fièvre,,,,,,,,,,,,
Dépression,troubles sommeil,fatigue,difficultés concentration,,,,,,,,,,,,,,
Sinusite,écoulement nasal,congestion nasale,maux de tête,perte odorat,fatigue,douleurs faciales,,,,,,,,,,,
Calculs rénaux,sang urine,nausées,urination fréquente,,,,,,,,,,,,,,
Asthme,respiration sifflante,essoufflement,fatigue,,,,,,,,,,,,,,
Sinusite,douleurs faciales,fatigue,congestion nasale,,,,,,,,,,,,,,
Syndrome intestin irritable,ballonnements,constipation,fatigue,douleurs abdominales,diarrhée,,,,,,,,,,,,
Ulcère gastrique,brûlures estomac,fatigue,perte poids,perte appétit,nausées,,,,,,,,,,,,
Angine,fatigue,difficultés déglutition,mal de gorge,,,,,,,,,,,,,,
Psoriasis,démangeaisons,desquamation,douleurs articulaires,,,,,,,,,,,,,,
Vertiges,étourdissements,perte équilibre,troubles visuels,fatigue,nausées,maux de tête,,,,,,,,,,,
Angine poitrine,douleurs thoraciques,sueurs,nausées,,,,,,,,,,,,,,
Psoriasis,desquamation,démangeaisons,peau sèche,,,,,,,,,,,,,,
Eczéma,desquamation,démangeaisons,rougeurs cutanées,,,,,,,,,,,,,,
Infection urinaire,fatigue,douleurs pelviennes,brûlures mictionnelles,urination fréquente,,,,,,,,,,,,,
Trouble panique,tremblements,peur intense,essoufflement,étourdissements,,,,,,,,,,,,,
Angine,mal de gorge,maux de tête,fatigue,ganglions gonflés,difficultés déglutition,,,,,,,,,,,,
Choc anaphylactique,difficultés respiratoires,nausées,gonflements,éruptions cutanées,étourdissements,,,,,,,,,,,,
Sinusite,perte odorat,écoulement nasal,douleurs faciales,,,,,,,,,,,,,,
Angine,fièvre,maux de tête,difficultés déglutition,ganglions gonflés,fatigue,,,,,,,,,,,,
COVID-19,douleurs musculaires,maux de tête,fièvre,mal de gorge,essoufflement,toux sèche,,,,,,,,,,,
Asthme,oppression thoracique,essoufflement,fatigue,,,,,,,,,,,,,,
Angine poitrine,douleurs thoraciques,essoufflement,sueurs,,,,,,,,,,,,,,
Urticaire,gonflements,rougeurs cutanées,éruptions cutanées,sensation brûlure,démangeaisons,,,,,,,,,,,,
Otite,perte audition,écoulement oreille,douleurs oreille,irritabilité,maux de tête,,,,,,,,,,,,
Hypothyroïdie,peau sèche,fatigue,prise poids,,,,,,,,,,,,,,
Grippe,mal de gorge,douleurs musculaires,fièvre,maux de tête,frissons,toux sèche,fatigue,,,,,,,,,,
COVID-19,fièvre,douleurs musculaires,maux de tête,mal de gorge,essoufflement,perte goût odorat,toux sèche,,,,,,,,,,
Syndrome intestin irritable,constipation,douleurs abdominales,gaz intestinaux,ballonnements,diarrhée,fatigue,,,,,,,,,,,
Fibromyalgie,raideur matinale,fatigue,troubles concentration,douleurs musculaires,,,,,,,,,,,,,
Bronchite,congestion nasale,mal de gorge,douleurs thoraciques,fatigue,,,,,,,,,,,,,
Angine poitrine,fatigue,douleurs thoraciques,sueurs,,,,,,,,,,,,,,
Hypothyroïdie,peau sèche,chute cheveux,fatigue,frilosité,,,,,,,,,,,,,
Grippe,toux sèche,frissons,fièvre,congestion nasale,maux de tête,fatigue,mal de gorge,,,,,,,,,,
Infection urinaire,douleurs pelviennes,fatigue,fièvre,urination fréquente,,,,,,,,,,,,,
Endométriose,règles douloureuses,douleurs rapports,douleurs pelviennes,fatigue,nausées,ballonnements,,,,,,,,,,,
Otite,douleurs oreille,fièvre,perte audition,écoulement oreille,,,,,,,,,,,,,
Pneumonie,fièvre,douleurs thoraciques,frissons,,,,,,,,,,,,,,
Mycose cutanée,desquamation,démangeaisons,rougeurs cutanées,,,,,,,,,,,,,,
Dépression,tristesse,perte appétit,perte intérêt,difficultés concentration,,,,,,,,,,,,,
Hypothyroïdie,constipation,fatigue,frilosité,chute cheveux,peau sèche,prise poids,,,,,,,,,,,
Hyperthyroïdie,nervosité,transpiration excessive,insomnie,perte poids,tremblements,,,,,,,,,,,,
Vertiges,troubles visuels,étourdissements,fatigue,nausées,maux de tête,perte équilibre,,,,,,,,,,,
Arthrite,perte mobilité,gonflements articulaires,douleurs articulaires,,,,,,,,,,,,,,
Hypothyroïdie,peau sèche,constipation,prise poids,,,,,,,,,,,,,,
Angine,ganglions gonflés,fatigue,maux de tête,,,,,,,,,,,,,,
Grippe,maux de tête,mal de gorge,congestion nasale,frissons,douleurs musculaires,fatigue,fièvre,,,,,,,,,,
Choc anaphylactique,étourdissements,difficultés respiratoires,gonflements,,,,,,,,,,,,,,
Syndrome intestin irritable,diarrhée,gaz intestinaux,fatigue,constipation,ballonnements,,,,,,,,,,,,
Céphalées tension,tension musculaire,irritabilité,fatigue,,,,,,,,,,,,,,
Dépression,difficultés concentration,tristesse,fatigue,,,,,,,,,,,,,,
Endométriose,règles douloureuses,douleurs rapports,ballonnements,fatigue,douleurs pelviennes,nausées,,,,,,,,,,,
Calculs rénaux,urination fréquente,douleurs lombaires,douleurs abdominales,,,,,,,,,,,,,,
Rhinite allergique,démangeaisons nasales,éternuements,larmoiements,congestion nasale,fatigue,,,,,,,,,,,,
Arythmie,palpitations,essoufflement,étourdissements,évanouissements,fatigue,douleurs thoraciques,,,,,,,,,,,
Céphalées tension,irritabilité,difficultés concentration,fatigue,,,,,,,,,,,,,,
Diabète type 2,urination fréquente,cicatrisation lente,vision floue,,,,,,,,,,,,,,
Calculs rénaux,douleurs lombaires,urination fréquente,nausées,douleurs abdominales,sang urine,vomissements,,,,,,,,,,,
Lombalgie,spasmes musculaires,douleurs lombaires,raideur,douleurs irradiantes,,,,,,,,,,,,,
Syndrome prémenstruel,ballonnements,maux de tête,irritabilité,sensibilité seins,douleurs abdominales,fatigue,,,,,,,,,,,
Diabète type 2,fatigue,soif excessive,perte poids,cicatrisation lente,vision floue,urination fréquente,,,,,,,,,,,
Céphalées tension,irritabilité,maux de tête,fatigue,tension musculaire,,,,,,,,,,,,,
Syndrome intestin irritable,douleurs abdominales,ballonnements,fatigue,gaz intestinaux,diarrhée,,,,,,,,,,,,
Migraine,sensibilité bruit,sensibilité lumière,troubles visuels,vomissements,,,,,,,,,,,,,
Anxiété généralisée,fatigue,irritabilité,inquiétudes excessives,tension musculaire,,,,,,,,,,,,,
Sinusite,fatigue,maux de tête,perte odorat,douleurs faciales,écoulement nasal,,,,,,,,,,,,
Céphalées tension,tension musculaire,fatigue,irritabilité,maux de tête,difficultés concentration,,,,,,,,,,,,
Hyperthyroïdie,insomnie,transpiration excessive,nervosité,,,,,,,,,,,,,,
Ulcère gastrique,perte appétit,perte poids,fatigue,nausées,brûlures estomac,,,,,,,,,,,,
Grippe,congestion nasale,frissons,fatigue,mal de gorge,toux sèche,maux de tête,douleurs musculaires,,,,,,,,,,
Hypothyroïdie,chute cheveux,frilosité,constipation,prise poids,,,,,,,,,,,,,
Grippe,fièvre,congestion nasale,douleurs musculaires,fatigue,,,,,,,,,,,,,
Anxiété généralisée,inquiétudes excessives,tension musculaire,irritabilité,troubles sommeil,,,,,,,,,,,,,
Choc anaphylactique,nausées,difficultés respiratoires,étourdissements,gonflements,éruptions cutanées,,,,,,,,,,,,
Anxiété généralisée,nervosité,tension musculaire,troubles sommeil,,,,,,,,,,,,,,
Appendicite,douleurs abdominales,vomissements,fièvre,perte appétit,constipation,nausées,,,,,,,,,,,
Céphalées tension,tension musculaire,maux de tête,fatigue,,,,,,,,,,,,,,
Endométriose,fatigue,douleurs pelviennes,règles douloureuses,nausées,douleurs rapports,,,,,,,,,,,,
Syndrome prémenstruel,irritabilité,douleurs abdominales,sensibilité seins,maux de tête,fatigue,ballonnements,,,,,,,,,,,
Syndrome prémenstruel,fatigue,ballonnements,douleurs abdominales,,,,,,,,,,,,,,
Mycose cutanée,sensation brûlure,démangeaisons,desquamation,,,,,,,,,,,,,,
Grippe,fatigue,mal de gorge,toux sèche,fièvre,,,,,,,,,,,,,
Céphalées tension,maux de tête,difficultés concentration,fatigue,,,,,,,,,,,,,,
Anxiété généralisée,tension musculaire,inquiétudes excessives,troubles sommeil,,,,,,,,,,,,,,
Arthrite,douleurs articulaires,fatigue,gonflements articulaires,perte mobilité,raideur matinale,,,,,,,,,,,,
Eczéma,éruptions cutanées,irritation,peau sèche,démangeaisons,rougeurs cutanées,desquamation,,,,,,,,,,,
Hypertension,étourdissements,douleurs thoraciques,troubles visuels,essoufflement,,,,,,,,,,,,,
Calculs rénaux,urination fréquente,douleurs abdominales,vomissements,douleurs lombaires,nausées,,,,,,,,,,,,
Gastro-entérite,vomissements,déshydratation,douleurs abdominales,,,,,,,,,,,,,,
Choc anaphylactique,difficultés respiratoires,palpitations,nausées,éruptions cutanées,,,,,,,,,,,,,
Dépression,perte intérêt,troubles sommeil,difficultés concentration,tristesse,,,,,,,,,,,,,
Arthrite,douleurs articulaires,perte mobilité,gonflements articulaires,,,,,,,,,,,,,,
Asthme,essoufflement,respiration sifflante,oppression thoracique,toux sèche,fatigue,,,,,,,,,,,,
Eczéma,peau sèche,démangeaisons,irritation,rougeurs cutanées,desquamation,éruptions cutanées,,,,,,,,,,,
Pneumonie,fatigue,frissons,sueurs nocturnes,douleurs thoraciques,,,,,,,,,,,,,
Diabète type 2,urination fréquente,cicatrisation lente,perte poids,fatigue,soif excessive,vision floue,,,,,,,,,,,
Migraine,sensibilité lumière,vomissements,troubles visuels,nausées,,,,,,,,,,,,,
Lombalgie,douleurs lombaires,raideur,spasmes musculaires,douleurs irradiantes,,,,,,,,,,,,,
Choc anaphylactique,nausées,étourdissements,palpitations,difficultés respiratoires,éruptions cutanées,,,,,,,,,,,,
Gastro-entérite,vomissements,diarrhée,fatigue,fièvre,nausées,,,,,,,,,,,,
Rhinite allergique,écoulement nasal,démangeaisons nasales,congestion nasale,fatigue,éternuements,,,,,,,,,,,,
Sinusite,fatigue,perte odorat,maux de tête,écoulement nasal,douleurs faciales,,,,,,,,,,,,
Lombalgie,raideur,spasmes musculaires,limitation mouvements,douleurs lombaires,,,,,,,,,,,,,
Angine poitrine,palpitations,fatigue,sueurs,,,,,,,,,,,,,,
Arthrite,gonflements articulaires,douleurs articulaires,fatigue,,,,,,,,,,,,,,
Trouble panique,peur intense,palpitations,transpiration,essoufflement,,,,,,,,,,,,,
Rhinite allergique,larmoiements,démangeaisons nasales,éternuements,,,,,,,,,,,,,,
Arythmie,douleurs thoraciques,fatigue,évanouissements,essoufflement,palpitations,,,,,,,,,,,,
Migraine,vomissements,nausées,sensibilité bruit,troubles visuels,sensibilité lumière,,,,,,,,,,,,
Diabète type 2,urination fréquente,perte poids,fatigue,vision floue,cicatrisation lente,,,,,,,,,,,,
Mycose cutanée,odeur,desquamation,sensation brûlure,,,,,,,,,,,,,,
Ulcère gastrique,perte appétit,nausées,fatigue,douleurs abdominales,brûlures estomac,,,,,,,,,,,,
Hypertension,fatigue,essoufflement,maux de tête,troubles visuels,douleurs thoraciques,,,,,,,,,,,,
Infection urinaire,brûlures mictionnelles,douleurs pelviennes,fièvre,,,,,,,,,,,,,,
Gastro-entérite,fièvre,vomissements,diarrhée,nausées,fatigue,douleurs abdominales,,,,,,,,,,,
Trouble panique,tremblements,étourdissements,palpitations,peur intense,transpiration,,,,,,,,,,,,
Vertiges,troubles visuels,nausées,fatigue,maux de tête,,,,,,,,,,,,,
Migraine,sensibilité bruit,sensibilité lumière,maux de tête,vomissements,,,,,,,,,,,,,
Otite,perte audition,écoulement oreille,maux de tête,irritabilité,fièvre,douleurs oreille,,,,,,,,,,,
Appendicite,douleurs abdominales,constipation,nausées,fièvre,,,,,,,,,,,,,
Arythmie,palpitations,évanouissements,étourdissements,douleurs thoraciques,essoufflement,,,,,,,,,,,,
Anxiété généralisée,irritabilité,fatigue,troubles sommeil,inquiétudes excessives,,,,,,,,,,,,,
